dataset_id,dataset,model,training_time_sec,accuracy,weighted_f1,macro_f1,cohen_kappa,directional_accuracy,transaction_hit_rate,information_coefficient,signal_turnover,hit_rate,avg_win,avg_loss,profit_factor,expectancy,cumulative_pnl,annualized_sharpe,sortino_ratio,calmar_ratio,max_drawdown,sharpe_HV-T,sharpe_HV-M,sharpe_LV-T,sharpe_LV-M,mean_latency_ms,p95_latency_ms,throughput
D01_FI2010,FI2010_Benchmark,Logistic_Regression,0.1165037000000666,0.37244897959183676,0.3629575226884964,0.3105185056227746,-0.021352313167259718,0.5046728971962616,0.34579439252336447,-0.10581363580738899,0.39487179487179486,0.34579439252336447,0.0005745621384175617,-0.001229465778659292,0.24701552135725258,-0.000605643040978511,-6.455361970324636,-124.80125838381788,-158.00415469956937,-508.90715966105313,6.360496920662154,-60.39552245758942,-176.34964204777407,-116.66182291994599,-159.71843691248728,0.09401600003911881,0.11026499996660276,10636.374268312302
D01_FI2010,FI2010_Benchmark,Random_Forest,0.16744890000063606,0.4642857142857143,0.44526502908855853,0.37722473604826545,0.09665525414801146,0.5496688741721855,0.3708609271523179,-0.02656141141976019,0.38461538461538464,0.3708609271523179,0.0006349878468363652,-0.001278690223976765,0.29272815141999803,-0.0005689818003639484,-8.555747797186324,-137.37354189504916,-205.25552740759088,-506.7496632145639,8.465907725488016,-71.85218854317817,-166.82234690781266,-165.09350878784818,-181.58043151434276,18.663990000031845,28.48194999928637,53.57910856248772
D01_FI2010,FI2010_Benchmark,XGBoost_GBDT,0.6594567000001916,0.4897959183673469,0.4927015374536691,0.4627434815723273,0.2036728558079064,0.6083916083916084,0.43356643356643354,0.23375738129891702,0.30256410256410254,0.43356643356643354,0.0005135156443565044,-0.0011893069153056165,0.3304961506153164,-0.0004510202111164452,-6.4215876071378375,-113.70501026803286,-146.32476373400362,-508.9470830989577,6.326722557475356,-53.88198497004281,-109.60091204538215,-197.1734613690274,-152.31976078528484,0.668078999970021,0.8117849997688609,1496.826727405211
D01_FI2010,FI2010_Benchmark,Kernel_SVM,0.07281200000034005,0.44387755102040816,0.4160755035024529,0.3493924045936068,0.04522702895959951,0.5592105263157895,0.39473684210526316,-0.04646953006250436,0.3333333333333333,0.39473684210526316,0.0006760610198249483,-0.0012292291210836148,0.35868769555892216,-0.00047714090756707675,-7.225267836061145,-116.41973816173584,-179.51644285329496,-497.7850624061234,7.278151766804236,-81.78242822212198,-125.37421772590899,-118.64852508638023,-176.99949513246162,0.11029700006474741,0.1557099996261968,9066.347525911417
D01_FI2010,FI2010_Benchmark,DeepLOB_Spatial_CNN,1.0486234999998487,0.42857142857142855,0.4110595753452896,0.32766554433221096,0.039804041641151255,0.5100671140939598,0.3959731543624161,-0.11737717819638901,0.1076923076923077,0.3959731543624161,0.000631205860380851,-0.001240876546746289,0.333466298123608,-0.0004995821707697704,-7.415592761304371,-122.09687326364319,-181.18465555082514,-494.7237644825544,7.516092528448299,-57.063007858671696,-132.17525328462798,-164.09894663399396,-180.98262294335362,0.3156329999637819,0.6319900000107737,3168.2264905388747
D01_FI2010,FI2010_Benchmark,DeepLOB_CNN_LSTM,1.3114491999995153,0.413265306122449,0.4167253851176201,0.3520043641994861,0.05847953216374269,0.4485294117647059,0.375,-0.12985124046745875,0.08717948717948718,0.375,0.0007569056224236416,-0.0012873226652938105,0.35278130782427736,-0.000520737057399766,-7.056492534180111,-112.41355292308899,-165.99007344122023,-496.63849348724034,7.124551400006869,-8.81455286129874,-117.06101158899206,-283.52294922928775,-137.08075039950086,0.817750000005617,1.242724999838174,1222.8661291678409
D01_FI2010,FI2010_Benchmark,LiT_Transformer,1.7960981999995056,0.3673469387755102,0.33658588260219635,0.2636565872950482,-0.09482409117527824,0.5163398692810458,0.37254901960784315,-0.21502599064911299,0.1282051282051282,0.37254901960784315,0.000739807124940763,-0.0011574525049695798,0.3795062679009215,-0.00045063028990494227,-6.870447817016948,-110.79827584785531,-165.09128569200382,-483.2532640769146,7.128846521685943,-17.275367336792254,-111.62195516010264,-207.79419345784612,-180.38633260999188,0.9292790000290552,1.6314450004301757,1076.1019283410099
D01_FI2010,FI2010_Benchmark,Dynamic_Sharpe_Ensemble,0.05,0.4387755102040816,0.41721685528992325,0.3417197036974387,0.04791344667697062,0.5298013245033113,0.3841059602649007,-0.08592448331088919,0.2205128205128205,0.3841059602649007,0.0007063307966456485,-0.0012747477470003283,0.34556435152741377,-0.0005138036706329995,-7.730322797399431,-121.26208010734236,-187.55079258015823,-507.324517156277,7.640482725701122,-65.41782574297339,-96.16309169184164,-227.5184865019805,-181.58043151434276,1.2,2.5,800.0
D02_CRYPTO_BTC,Crypto_BTC_USDT,Logistic_Regression,0.06749659999968571,0.42948717948717946,0.4287795845293998,0.4244215113459142,0.13045656666875427,0.5949367088607594,0.0,0.20607707254161195,0.535483870967742,0.0,0.0,-0.00020032786056127673,0.0,-0.00020032786056127673,-1222.0552617642934,-317.46779608261375,-10472.35465134757,-638.090056090934,1206.5613731546655,-265.6023911056718,-313.4143137932373,-414.49392932692115,-357.95077247819205,0.07551100002274325,0.09941000016624457,13242.928272311856
D02_CRYPTO_BTC,Crypto_BTC_USDT,Random_Forest,0.17718039999999746,0.42948717948717946,0.40456664387003854,0.39841382097393413,0.121877174119284,0.6060606060606061,0.0,0.2799167449055928,0.44516129032258067,0.0,0.0,-0.00020016678662714466,0.0,-0.00020016678662714466,-1020.1383610935217,-268.4052417387605,-8469.066568659226,-639.716023381103,1004.6444724838938,-273.82453476647316,-271.42782477649257,-191.93025387413482,-296.15453981013263,23.90980000000127,32.41188499978307,41.82385290450334
D02_CRYPTO_BTC,Crypto_BTC_USDT,XGBoost_GBDT,0.6503829000002952,0.46794871794871795,0.4576258171501213,0.447342737122546,0.178686964795433,0.5882352941176471,0.0,0.11519849578656402,0.4838709677419355,0.0,0.0,-0.00020076178322213335,0.0,-0.00020076178322213335,-1054.1755012325846,-275.5173194551227,-8616.884677611602,-639.3976335635886,1038.6816126229567,-273.8332802772791,-271.431090238125,-376.5587340702496,-244.01790754757505,0.6591350000053353,0.9930299996085522,1517.1375861611345
D02_CRYPTO_BTC,Crypto_BTC_USDT,Kernel_SVM,0.04533670000000711,0.391025641025641,0.3178977560427427,0.30551662632182447,0.04528763769889865,0.625,0.0,0.20662584843381257,0.3419354838709677,0.0,0.0,-0.00020075543509076032,0.0,-0.00020075543509076032,-744.1002104312191,-208.96389088782757,-6453.242554160353,-643.3970141190438,728.6063218215912,-197.2190360539757,-198.25278949347836,-191.9012864097994,-234.32003897421478,0.20896099998935824,0.25872999985949713,4785.5590971130005
D02_CRYPTO_BTC,Crypto_BTC_USDT,DeepLOB_Spatial_CNN,0.9288311000000249,0.38461538461538464,0.2831714004708968,0.28477334366524604,0.1115856914041643,0.5739130434782609,0.0,0.3288780702059149,0.025806451612903226,0.0,0.0,-0.00020046733216000975,0.0,-0.00020046733216000975,-1780.1786146169327,-524.834131403559,-16228.059936915428,-629.9999996461027,1780.1786146169327,-537.5261055099498,-313.4419477289549,-989.2945517804114,-498.82149227569056,0.3797539999777655,0.5361050003102719,2633.2767180380765
D02_CRYPTO_BTC,Crypto_BTC_USDT,DeepLOB_CNN_LSTM,1.270761400000083,0.4551282051282051,0.4364577729962345,0.4510893868036725,0.1917591125198097,0.6578947368421053,0.0,0.40949664560007254,0.04516129032258064,0.0,0.0,-0.000199636489227947,0.0,-0.000199636489227947,-1757.3874228325628,-516.3378966340593,-18300.76550380953,-635.6037576331069,1741.893534222935,-609.7973899614822,-233.65271589457421,-286.1655598111638,-803.1489650643503,1.1849870000423834,1.7612099994039454,843.8904022354936
D02_CRYPTO_BTC,Crypto_BTC_USDT,LiT_Transformer,1.5517832999994425,0.3782051282051282,0.35004499713537957,0.3690797191289216,0.08909222248976645,0.6379310344827587,0.0,0.30988596182343947,0.12258064516129032,0.0,0.0,-0.0001999274338475315,0.0,-0.0001999274338475315,-1790.8253629564438,-533.633340558828,-15616.680567772757,-635.4982122097272,1775.3314743468159,-480.48300091523873,-198.26539514442524,-458.5604469838463,-1277.3052724298213,1.438942000058887,1.8470199999683243,694.9545603676283
D02_CRYPTO_BTC,Crypto_BTC_USDT,Dynamic_Sharpe_Ensemble,0.05,0.4551282051282051,0.4418803418803418,0.43777777777777777,0.16593282173858348,0.6301369863013698,0.0,0.30474734479418375,0.45806451612903226,0.0,0.0,-0.00020008870602193982,0.0,-0.00020008870602193982,-1127.8932314591218,-293.9510053324254,-10476.656661456243,-638.7748606182081,1112.399342849494,-241.85077860826962,-313.4143137932373,-343.25771013043703,-344.5432498868006,1.2,2.5,800.0
D03_CRYPTO_ETH,Crypto_ETH_USDT,Logistic_Regression,0.14308579999942594,0.38461538461538464,0.3431517585363739,0.335994735994736,0.08755254980807892,0.5084745762711864,0.0,0.12072926078963554,0.2,0.0,0.0,-0.00020209645449522742,0.0,-0.00020209645449522742,-30.365050455582562,-243.7139999775072,-1874.7677674934794,-641.0695795460001,29.840725182272916,-175.21403618169896,-208.06272213631215,-202.23689179977384,-466.22137919273837,0.0808790000701265,0.0929099998302263,12363.99603280114
D03_CRYPTO_ETH,Crypto_ETH_USDT,Random_Forest,0.18513789999997243,0.2564102564102564,0.1562906663039289,0.18411435307987034,-0.006004002668445585,0.5546875,0.0,0.30354496700767636,0.13548387096774195,0.0,0.0,-0.00020168724142709518,0.0,-0.00020168724142709518,-65.74359975305671,-665.3209060505976,-4961.600880654007,-635.0648261538515,65.21927447974707,-688.6895626747935,-395.1609536480489,-484.95167681913466,-1914.3151053860981,31.28918799996427,41.89228500076751,31.959920725370733
D03_CRYPTO_ETH,Crypto_ETH_USDT,XGBoost_GBDT,0.6101533999999447,0.30128205128205127,0.22031672031672037,0.241943241943242,0.03210382513661192,0.5607476635514018,0.0,0.2927284678654494,0.2,0.0,0.0,-0.00020126606019766355,0.0,-0.00020126606019766355,-54.84271966153471,-461.00957177345794,-3876.606274794661,-636.0812601297256,54.318394388225066,-423.2343251816042,-288.9204117763351,-374.3610216362815,-1111.5918770492458,0.8756080000421207,1.235240000369231,1142.0622674640113
D03_CRYPTO_ETH,Crypto_ETH_USDT,Kernel_SVM,0.050667499999690335,0.2948717948717949,0.22185422753068296,0.24208907245141506,0.027872195785180187,0.5535714285714286,0.0,0.2484909176008992,0.2903225806451613,0.0,0.0,-0.00020212111656291195,0.0,-0.00020212111656291195,-57.64940868376449,-497.8241720776717,-4362.79996565836,-635.7824735944655,57.12508341045485,-534.6902190534928,-267.8141118909598,-423.91040263442153,-844.435025831582,0.21537400008128316,0.2519600005598477,4643.064420766556
D03_CRYPTO_ETH,Crypto_ETH_USDT,DeepLOB_Spatial_CNN,0.8781462999995711,0.391025641025641,0.32866206790625396,0.34602419544280005,0.16242794167514418,0.56,0.0,0.3471418766814083,0.05806451612903226,0.0,0.0,-0.00020096200695529285,0.0,-0.00020096200695529285,-51.17739464500814,-416.9662739107481,-3454.270770882856,-636.5213083779743,50.6530693716985,-386.7133042228115,-312.0104027139422,-332.1149189431855,-695.2619707577281,0.5572959999881277,0.8621349994427874,1794.375351062904
D03_CRYPTO_ETH,Crypto_ETH_USDT,DeepLOB_CNN_LSTM,1.193858999999975,0.42948717948717946,0.33692072453540345,0.35626911314984716,0.2001382647770481,0.5520833333333334,0.0,0.3345763805587849,0.03225806451612903,0.0,0.0,-0.00020040899615668257,0.0,-0.00020040899615668257,-48.99499661315748,-394.76746544389925,-3274.1610833132863,-636.814931096252,48.47067133984784,-344.5607948535608,-336.9468717632495,-262.04816264434294,-760.8371134046822,1.0734719999436493,1.3220499993167323,931.5558007071384
D03_CRYPTO_ETH,Crypto_ETH_USDT,LiT_Transformer,1.4761649000001853,0.36538461538461536,0.28680634042187847,0.3077598667959673,0.13128585892676348,0.5378151260504201,0.0,0.3277681813036585,0.05806451612903226,0.0,0.0,-0.0002010228996861567,0.0,-0.0002010228996861567,-60.91957471364475,-558.7728724943993,-4414.644962707984,-635.4693753196935,60.39524944033511,-465.36275828519507,-513.1366817702701,-423.9104056587584,-1366.7921385329141,1.0682189999897673,1.346794999562917,936.1367508655326
D03_CRYPTO_ETH,Crypto_ETH_USDT,Dynamic_Sharpe_Ensemble,0.05,0.391025641025641,0.3023961682218563,0.3225450220863065,0.1462150017283097,0.5729166666666666,0.0,0.3706366234234369,0.14838709677419354,0.0,0.0,-0.00020055215438943537,0.0,-0.00020055215438943537,-49.03006861200278,-394.7722139056781,-3278.5724553343243,-636.8100035715064,48.50574333869314,-354.5704607275941,-246.6658454314622,-295.24003197718724,-953.8610228653438,1.2,2.5,800.0
